,day,open,high,low,close,volume
0,2021-02-24 13:50:00,10.390,10.400,10.350,10.390,199115
1,2021-02-24 13:55:00,10.400,10.400,10.370,10.380,150350
2,2021-02-24 14:00:00,10.380,10.420,10.380,10.410,283916
3,2021-02-24 14:05:00,10.410,10.410,10.340,10.340,219984
4,2021-02-24 14:10:00,10.340,10.350,10.240,10.260,270810
5,2021-02-24 14:15:00,10.260,10.280,10.220,10.240,312980
6,2021-02-24 14:20:00,10.240,10.340,10.240,10.310,170230
7,2021-02-24 14:25:00,10.330,10.350,10.280,10.300,184700
8,2021-02-24 14:30:00,10.300,10.300,10.270,10.290,142800
9,2021-02-24 14:35:00,10.300,10.380,10.290,10.350,258100
10,2021-02-24 14:40:00,10.350,10.410,10.340,10.390,455900
11,2021-02-24 14:45:00,10.380,10.400,10.320,10.320,194100
12,2021-02-24 14:50:00,10.320,10.340,10.270,10.310,246247
13,2021-02-24 14:55:00,10.300,10.380,10.300,10.360,372840
14,2021-02-24 15:00:00,10.360,10.370,10.330,10.360,495000
15,2021-02-25 09:35:00,11.390,11.390,10.820,11.150,9849996
16,2021-02-25 09:40:00,11.150,11.160,10.880,10.880,2026300
17,2021-02-25 09:45:00,10.880,11.060,10.850,10.900,1635032
18,2021-02-25 09:50:00,10.900,10.940,10.850,10.900,1041200
19,2021-02-25 09:55:00,10.910,11.300,10.900,11.280,1751260
20,2021-02-25 10:00:00,11.250,11.300,11.170,11.230,1858108
21,2021-02-25 10:05:00,11.220,11.250,11.160,11.160,723800
22,2021-02-25 10:10:00,11.170,11.180,11.110,11.120,485685
23,2021-02-25 10:15:00,11.120,11.180,11.020,11.180,538373
24,2021-02-25 10:20:00,11.170,11.200,11.050,11.080,490420
25,2021-02-25 10:25:00,11.070,11.150,11.020,11.120,353100
26,2021-02-25 10:30:00,11.110,11.120,11.070,11.110,410300
27,2021-02-25 10:35:00,11.110,11.120,11.050,11.050,232200
28,2021-02-25 10:40:00,11.050,11.100,11.000,11.080,405900
29,2021-02-25 10:45:00,11.080,11.100,11.050,11.050,181700
30,2021-02-25 10:50:00,11.060,11.090,11.040,11.090,141600
31,2021-02-25 10:55:00,11.090,11.090,11.070,11.090,153700
32,2021-02-25 11:00:00,11.080,11.090,11.070,11.070,142224
33,2021-02-25 11:05:00,11.070,11.100,11.070,11.080,124400
34,2021-02-25 11:10:00,11.090,11.090,11.070,11.090,115650
35,2021-02-25 11:15:00,11.080,11.090,11.050,11.050,127326
36,2021-02-25 11:20:00,11.050,11.060,10.980,10.980,321591
37,2021-02-25 11:25:00,10.980,10.990,10.930,10.950,310789
38,2021-02-25 11:30:00,10.950,10.960,10.910,10.930,263300
39,2021-02-25 13:05:00,10.940,11.030,10.930,10.980,300700
40,2021-02-25 13:10:00,10.990,10.990,10.950,10.960,121900
41,2021-02-25 13:15:00,10.960,10.980,10.950,10.950,123700
42,2021-02-25 13:20:00,10.960,10.960,10.940,10.950,149300
43,2021-02-25 13:25:00,10.950,10.970,10.930,10.960,107804
44,2021-02-25 13:30:00,10.970,11.000,10.960,11.000,149800
45,2021-02-25 13:35:00,11.000,11.000,10.950,10.980,189600
46,2021-02-25 13:40:00,10.970,10.980,10.950,10.950,169100
47,2021-02-25 13:45:00,10.950,10.980,10.950,10.980,107100
48,2021-02-25 13:50:00,10.980,11.020,10.970,11.020,195500
49,2021-02-25 13:55:00,11.020,11.040,11.010,11.020,243900
50,2021-02-25 14:00:00,11.030,11.090,11.030,11.040,319300
51,2021-02-25 14:05:00,11.030,11.040,10.980,11.000,167400
52,2021-02-25 14:10:00,11.000,11.000,10.930,10.930,336596
53,2021-02-25 14:15:00,10.930,10.960,10.890,10.960,372343
54,2021-02-25 14:20:00,10.970,11.070,10.950,11.060,340100
55,2021-02-25 14:25:00,11.060,11.070,10.980,11.030,212900
56,2021-02-25 14:30:00,11.030,11.040,10.990,10.990,165300
57,2021-02-25 14:35:00,10.990,11.010,10.920,11.010,268200
58,2021-02-25 14:40:00,11.010,11.010,10.960,10.990,239600
59,2021-02-25 14:45:00,10.980,10.990,10.880,10.910,542700
60,2021-02-25 14:50:00,10.910,10.920,10.810,10.820,770400
61,2021-02-25 14:55:00,10.830,10.840,10.620,10.840,994400
62,2021-02-25 15:00:00,10.840,10.850,10.780,10.780,965400
63,2021-02-26 09:35:00,10.460,11.010,10.300,10.910,3868377
64,2021-02-26 09:40:00,10.900,11.100,10.780,11.100,2406514
65,2021-02-26 09:45:00,11.090,11.800,11.090,11.680,5405782
66,2021-02-26 09:50:00,11.700,11.730,11.410,11.610,3091015
67,2021-02-26 09:55:00,11.610,11.800,11.490,11.740,3681565
68,2021-02-26 10:00:00,11.740,11.750,11.560,11.590,995200
69,2021-02-26 10:05:00,11.580,11.860,11.570,11.860,5169558
70,2021-02-26 10:10:00,11.860,11.860,11.860,11.860,589346
71,2021-02-26 10:15:00,11.860,11.860,11.860,11.860,320810
72,2021-02-26 10:20:00,11.860,11.860,11.860,11.860,225250
73,2021-02-26 10:25:00,11.860,11.860,11.860,11.860,122400
74,2021-02-26 10:30:00,11.860,11.860,11.860,11.860,106450
75,2021-02-26 10:35:00,11.860,11.860,11.860,11.860,73500
76,2021-02-26 10:40:00,11.860,11.860,11.860,11.860,94500
77,2021-02-26 10:45:00,11.860,11.860,11.860,11.860,35620
78,2021-02-26 10:50:00,11.860,11.860,11.860,11.860,132900
79,2021-02-26 10:55:00,11.860,11.860,11.860,11.860,207700
80,2021-02-26 11:00:00,11.860,11.860,11.860,11.860,61719
81,2021-02-26 11:05:00,11.860,11.860,11.860,11.860,69200
82,2021-02-26 11:10:00,11.860,11.860,11.860,11.860,45090
83,2021-02-26 11:15:00,11.860,11.860,11.860,11.860,27130
84,2021-02-26 11:20:00,11.860,11.860,11.860,11.860,42000
85,2021-02-26 11:25:00,11.860,11.860,11.860,11.860,43100
86,2021-02-26 11:30:00,11.860,11.860,11.860,11.860,16600
87,2021-02-26 13:05:00,11.860,11.860,11.860,11.860,119400
88,2021-02-26 13:10:00,11.860,11.860,11.860,11.860,34100
89,2021-02-26 13:15:00,11.860,11.860,11.860,11.860,17600
90,2021-02-26 13:20:00,11.860,11.860,11.860,11.860,28800
91,2021-02-26 13:25:00,11.860,11.860,11.860,11.860,30900
92,2021-02-26 13:30:00,11.860,11.860,11.860,11.860,33500
93,2021-02-26 13:35:00,11.860,11.860,11.860,11.860,42000
94,2021-02-26 13:40:00,11.860,11.860,11.860,11.860,79700
95,2021-02-26 13:45:00,11.860,11.860,11.860,11.860,44500
96,2021-02-26 13:50:00,11.860,11.860,11.860,11.860,47800
97,2021-02-26 13:55:00,11.860,11.860,11.860,11.860,30700
98,2021-02-26 14:00:00,11.860,11.860,11.860,11.860,42000
99,2021-02-26 14:05:00,11.860,11.860,11.860,11.860,22500
100,2021-02-26 14:10:00,11.860,11.860,11.860,11.860,30600
101,2021-02-26 14:15:00,11.860,11.860,11.860,11.860,33700
102,2021-02-26 14:20:00,11.860,11.860,11.860,11.860,33200
103,2021-02-26 14:25:00,11.860,11.860,11.860,11.860,15500
104,2021-02-26 14:30:00,11.860,11.860,11.860,11.860,17300
105,2021-02-26 14:35:00,11.860,11.860,11.860,11.860,14600
106,2021-02-26 14:40:00,11.860,11.860,11.860,11.860,53900
107,2021-02-26 14:45:00,11.860,11.860,11.860,11.860,15400
108,2021-02-26 14:50:00,11.860,11.860,11.860,11.860,41200
109,2021-02-26 14:55:00,11.860,11.860,11.860,11.860,55800
110,2021-02-26 15:00:00,11.860,11.860,11.860,11.860,61900
111,2021-03-01 09:35:00,12.350,12.400,11.330,11.690,12086232
112,2021-03-01 09:40:00,11.700,11.760,11.510,11.700,2717100
113,2021-03-01 09:45:00,11.700,11.930,11.670,11.810,1504699
114,2021-03-01 09:50:00,11.810,11.820,11.690,11.710,789730
115,2021-03-01 09:55:00,11.700,11.800,11.660,11.710,939780
116,2021-03-01 10:00:00,11.700,11.710,11.440,11.610,1861308
117,2021-03-01 10:05:00,11.610,11.630,11.500,11.530,868850
118,2021-03-01 10:10:00,11.530,11.660,11.530,11.570,485141
119,2021-03-01 10:15:00,11.570,11.630,11.510,11.520,832559
120,2021-03-01 10:20:00,11.530,11.550,11.440,11.500,902882
121,2021-03-01 10:25:00,11.500,11.640,11.490,11.570,815651
122,2021-03-01 10:30:00,11.570,11.590,11.470,11.480,598700
123,2021-03-01 10:35:00,11.480,11.520,11.390,11.450,1078900
124,2021-03-01 10:40:00,11.450,11.460,11.400,11.440,610500
125,2021-03-01 10:45:00,11.440,11.450,11.410,11.440,585030
126,2021-03-01 10:50:00,11.450,11.650,11.440,11.550,585566
127,2021-03-01 10:55:00,11.560,11.600,11.540,11.580,159300
128,2021-03-01 11:00:00,11.570,11.790,11.560,11.780,778760
129,2021-03-01 11:05:00,11.780,11.790,11.640,11.710,455800
130,2021-03-01 11:10:00,11.710,11.730,11.650,11.690,277900
131,2021-03-01 11:15:00,11.700,11.710,11.660,11.660,228890
132,2021-03-01 11:20:00,11.660,11.660,11.500,11.550,306800
133,2021-03-01 11:25:00,11.560,11.610,11.530,11.570,166800
134,2021-03-01 11:30:00,11.580,11.700,11.570,11.600,179700
135,2021-03-01 13:05:00,11.610,11.640,11.520,11.640,219200
136,2021-03-01 13:10:00,11.640,11.710,11.630,11.630,213800
137,2021-03-01 13:15:00,11.620,11.650,11.560,11.600,144100
138,2021-03-01 13:20:00,11.610,11.770,11.610,11.770,264260
139,2021-03-01 13:25:00,11.770,11.780,11.680,11.690,337240
140,2021-03-01 13:30:00,11.690,11.700,11.660,11.680,146000
141,2021-03-01 13:35:00,11.680,11.690,11.660,11.690,199826
142,2021-03-01 13:40:00,11.690,11.700,11.660,11.670,84563
143,2021-03-01 13:45:00,11.670,11.670,11.560,11.610,198443
144,2021-03-01 13:50:00,11.620,11.650,11.610,11.630,102200
145,2021-03-01 13:55:00,11.620,11.630,11.570,11.580,222900
146,2021-03-01 14:00:00,11.580,11.590,11.550,11.570,278200
147,2021-03-01 14:05:00,11.570,11.610,11.560,11.570,156510
148,2021-03-01 14:10:00,11.560,11.630,11.560,11.610,221200
149,2021-03-01 14:15:00,11.620,11.630,11.600,11.600,177400
150,2021-03-01 14:20:00,11.600,11.600,11.570,11.590,245100
151,2021-03-01 14:25:00,11.580,11.590,11.500,11.500,439500
152,2021-03-01 14:30:00,11.510,11.580,11.500,11.510,346500
153,2021-03-01 14:35:00,11.520,11.540,11.500,11.500,445600
154,2021-03-01 14:40:00,11.500,11.500,11.450,11.460,768330
155,2021-03-01 14:45:00,11.470,11.750,11.470,11.580,1071631
156,2021-03-01 14:50:00,11.590,11.660,11.580,11.590,381700
157,2021-03-01 14:55:00,11.580,11.590,11.520,11.540,905900
158,2021-03-01 15:00:00,11.550,11.560,11.510,11.560,1166500
159,2021-03-02 09:35:00,11.450,11.530,11.250,11.260,3590970
160,2021-03-02 09:40:00,11.260,11.320,11.200,11.270,1950430
161,2021-03-02 09:45:00,11.270,11.350,11.210,11.320,706607
162,2021-03-02 09:50:00,11.310,11.320,11.210,11.240,549679
163,2021-03-02 09:55:00,11.230,11.250,11.110,11.120,1520870
164,2021-03-02 10:00:00,11.120,11.210,11.010,11.060,1454807
165,2021-03-02 10:05:00,11.060,11.120,11.050,11.120,724670
166,2021-03-02 10:10:00,11.120,11.170,11.080,11.080,507200
167,2021-03-02 10:15:00,11.080,11.090,10.900,11.000,1842100
168,2021-03-02 10:20:00,11.000,11.050,10.950,11.040,541571
169,2021-03-02 10:25:00,11.050,11.050,10.940,10.940,647350
170,2021-03-02 10:30:00,10.950,11.050,10.930,10.990,292680
171,2021-03-02 10:35:00,10.980,11.000,10.970,10.990,237700
172,2021-03-02 10:40:00,10.980,11.030,10.970,11.030,288700
173,2021-03-02 10:45:00,11.010,11.070,10.960,10.960,332011
174,2021-03-02 10:50:00,10.970,11.000,10.960,10.990,247100
175,2021-03-02 10:55:00,10.980,10.980,10.840,10.940,972300
176,2021-03-02 11:00:00,10.930,10.970,10.870,10.910,358300
177,2021-03-02 11:05:00,10.920,11.050,10.910,11.040,334400
178,2021-03-02 11:10:00,11.030,11.040,11.000,11.000,179100
179,2021-03-02 11:15:00,11.000,11.100,10.980,11.040,248800
180,2021-03-02 11:20:00,11.020,11.040,10.960,10.970,150000
181,2021-03-02 11:25:00,10.960,10.970,10.900,10.910,262400
182,2021-03-02 11:30:00,10.920,10.930,10.880,10.920,302200
183,2021-03-02 13:05:00,10.930,10.960,10.910,10.920,224900
184,2021-03-02 13:10:00,10.930,10.970,10.910,10.960,120400
185,2021-03-02 13:15:00,10.950,10.960,10.890,10.890,299200
186,2021-03-02 13:20:00,10.890,10.900,10.860,10.880,217400
187,2021-03-02 13:25:00,10.870,10.920,10.870,10.880,183934
188,2021-03-02 13:30:00,10.890,10.920,10.870,10.900,163500
189,2021-03-02 13:35:00,10.900,10.940,10.880,10.900,140200
190,2021-03-02 13:40:00,10.900,10.900,10.870,10.880,206000
191,2021-03-02 13:45:00,10.880,10.920,10.860,10.900,168300
192,2021-03-02 13:50:00,10.910,10.910,10.880,10.880,174300
193,2021-03-02 13:55:00,10.880,10.890,10.870,10.880,146200
194,2021-03-02 14:00:00,10.870,10.870,10.840,10.840,415500
195,2021-03-02 14:05:00,10.840,10.850,10.780,10.800,535400
196,2021-03-02 14:10:00,10.800,10.850,10.800,10.850,274039
197,2021-03-02 14:15:00,10.850,10.880,10.830,10.870,218400
198,2021-03-02 14:20:00,10.870,10.890,10.820,10.880,147100
199,2021-03-02 14:25:00,10.860,10.940,10.850,10.930,151300
200,2021-03-02 14:30:00,10.930,10.960,10.920,10.950,178299
201,2021-03-02 14:35:00,10.950,10.970,10.880,10.900,302001
202,2021-03-02 14:40:00,10.900,10.900,10.870,10.890,203400
203,2021-03-02 14:45:00,10.890,10.940,10.890,10.930,175499
204,2021-03-02 14:50:00,10.930,10.940,10.850,10.900,511651
205,2021-03-02 14:55:00,10.910,10.970,10.870,10.870,527373
206,2021-03-02 15:00:00,10.870,10.890,10.840,10.890,638300
207,2021-03-03 09:35:00,10.750,11.040,10.700,11.010,2090500
208,2021-03-03 09:40:00,11.000,11.050,10.900,10.920,998500
209,2021-03-03 09:45:00,10.920,10.940,10.770,10.820,609400
210,2021-03-03 09:50:00,10.830,10.840,10.750,10.790,445086
211,2021-03-03 09:55:00,10.790,10.910,10.750,10.840,397746
212,2021-03-03 10:00:00,10.840,10.870,10.790,10.790,276600
213,2021-03-03 10:05:00,10.810,10.830,10.770,10.780,191000
214,2021-03-03 10:10:00,10.770,10.950,10.770,10.910,440194
215,2021-03-03 10:15:00,10.910,10.950,10.900,10.910,341101
216,2021-03-03 10:20:00,10.920,10.920,10.840,10.850,194300
217,2021-03-03 10:25:00,10.850,10.870,10.810,10.820,139700
218,2021-03-03 10:30:00,10.820,10.840,10.810,10.810,123500
219,2021-03-03 10:35:00,10.800,10.820,10.780,10.790,147200
220,2021-03-03 10:40:00,10.790,10.850,10.790,10.850,116000
221,2021-03-03 10:45:00,10.850,10.890,10.840,10.890,170900
222,2021-03-03 10:50:00,10.890,11.060,10.860,11.020,669836
223,2021-03-03 10:55:00,11.020,11.150,11.010,11.120,1607300
224,2021-03-03 11:00:00,11.120,11.120,11.040,11.040,474800
225,2021-03-03 11:05:00,11.040,11.100,11.030,11.060,245500
226,2021-03-03 11:10:00,11.060,11.080,11.000,11.030,216500
227,2021-03-03 11:15:00,11.030,11.040,10.990,11.010,227939
228,2021-03-03 11:20:00,11.010,11.060,11.000,11.010,178900
229,2021-03-03 11:25:00,11.000,11.080,11.000,11.050,194811
230,2021-03-03 11:30:00,11.060,11.080,11.060,11.080,160530
231,2021-03-03 13:05:00,11.080,11.100,10.990,11.000,285200
232,2021-03-03 13:10:00,11.000,11.020,10.990,11.000,143600
233,2021-03-03 13:15:00,11.000,11.020,10.980,10.980,114600
234,2021-03-03 13:20:00,10.980,10.980,10.950,10.970,192600
235,2021-03-03 13:25:00,10.970,11.000,10.960,10.980,110900
236,2021-03-03 13:30:00,10.980,10.990,10.950,10.970,106900
237,2021-03-03 13:35:00,10.970,10.990,10.960,10.970,93300
238,2021-03-03 13:40:00,10.960,11.110,10.950,11.080,506486
239,2021-03-03 13:45:00,11.070,11.190,11.070,11.110,1094200
240,2021-03-03 13:50:00,11.110,11.120,11.060,11.070,196900
241,2021-03-03 13:55:00,11.060,11.110,11.060,11.090,193844
242,2021-03-03 14:00:00,11.090,11.140,11.090,11.140,276700
243,2021-03-03 14:05:00,11.130,11.150,11.070,11.110,248700
244,2021-03-03 14:10:00,11.110,11.210,11.090,11.200,751090
245,2021-03-03 14:15:00,11.200,11.440,11.200,11.400,2262900
246,2021-03-03 14:20:00,11.410,11.640,11.400,11.410,2779551
247,2021-03-03 14:25:00,11.420,11.500,11.390,11.430,734100
248,2021-03-03 14:30:00,11.430,11.470,11.370,11.410,402900
249,2021-03-03 14:35:00,11.410,11.430,11.380,11.390,243000
250,2021-03-03 14:40:00,11.390,11.390,11.350,11.370,388000
251,2021-03-03 14:45:00,11.380,11.380,11.350,11.360,294900
252,2021-03-03 14:50:00,11.370,11.400,11.360,11.400,398600
253,2021-03-03 14:55:00,11.390,11.400,11.290,11.340,815300
254,2021-03-03 15:00:00,11.340,11.360,11.300,11.300,673722
255,2021-03-04 09:35:00,11.040,11.130,11.000,11.050,1714200
256,2021-03-04 09:40:00,11.060,11.140,11.010,11.080,1047333
257,2021-03-04 09:45:00,11.080,11.200,11.040,11.050,748400
258,2021-03-04 09:50:00,11.050,11.050,10.930,11.000,942671
259,2021-03-04 09:55:00,11.000,11.020,10.900,10.920,710599
260,2021-03-04 10:00:00,10.920,10.930,10.870,10.930,623710
261,2021-03-04 10:05:00,10.930,10.950,10.910,10.920,293089
262,2021-03-04 10:10:00,10.930,10.990,10.920,10.930,272600
263,2021-03-04 10:15:00,10.920,10.930,10.900,10.920,239200
264,2021-03-04 10:20:00,10.920,10.970,10.910,10.920,139800
265,2021-03-04 10:25:00,10.930,11.020,10.900,10.970,217200
266,2021-03-04 10:30:00,10.960,10.970,10.900,10.930,269100
267,2021-03-04 10:35:00,10.930,10.930,10.890,10.900,281960
268,2021-03-04 10:40:00,10.910,10.950,10.900,10.910,161500
269,2021-03-04 10:45:00,10.900,10.900,10.810,10.890,794181
270,2021-03-04 10:50:00,10.900,10.950,10.880,10.940,225794
271,2021-03-04 10:55:00,10.940,10.950,10.920,10.920,150500
272,2021-03-04 11:00:00,10.920,10.940,10.890,10.890,148800
273,2021-03-04 11:05:00,10.890,10.920,10.870,10.920,125500
274,2021-03-04 11:10:00,10.920,10.920,10.880,10.890,149752
275,2021-03-04 11:15:00,10.900,10.970,10.890,10.970,94400
276,2021-03-04 11:20:00,10.970,10.990,10.930,10.980,142600
277,2021-03-04 11:25:00,10.990,10.990,10.910,10.930,97900
278,2021-03-04 11:30:00,10.940,10.990,10.940,10.990,84400
279,2021-03-04 13:05:00,10.990,11.000,10.880,10.950,275900
280,2021-03-04 13:10:00,10.940,10.980,10.940,10.980,75100
281,2021-03-04 13:15:00,10.980,10.980,10.900,10.920,90200
282,2021-03-04 13:20:00,10.900,10.980,10.900,10.980,63400
283,2021-03-04 13:25:00,10.980,11.050,10.920,11.040,235350
284,2021-03-04 13:30:00,11.040,11.050,11.000,11.010,163800
285,2021-03-04 13:35:00,11.010,11.020,10.960,11.000,140711
286,2021-03-04 13:40:00,11.000,11.040,10.980,11.010,78500
287,2021-03-04 13:45:00,11.030,11.030,10.990,11.000,109039
288,2021-03-04 13:50:00,11.000,11.000,10.980,10.990,117900
289,2021-03-04 13:55:00,10.980,10.990,10.930,10.970,102200
290,2021-03-04 14:00:00,10.970,10.980,10.950,10.950,54800
291,2021-03-04 14:05:00,10.960,10.960,10.890,10.940,198700
292,2021-03-04 14:10:00,10.940,10.980,10.900,10.980,159459
293,2021-03-04 14:15:00,10.960,11.020,10.960,11.000,133907
294,2021-03-04 14:20:00,11.000,11.010,10.930,10.940,181540
295,2021-03-04 14:25:00,10.920,10.960,10.910,10.930,93800
296,2021-03-04 14:30:00,10.940,10.950,10.910,10.940,77813
297,2021-03-04 14:35:00,10.940,10.950,10.870,10.870,384787
298,2021-03-04 14:40:00,10.870,10.870,10.840,10.850,435581
299,2021-03-04 14:45:00,10.860,10.860,10.810,10.830,530100
300,2021-03-04 14:50:00,10.830,10.900,10.830,10.900,242120
301,2021-03-04 14:55:00,10.900,10.910,10.860,10.900,465932
302,2021-03-04 15:00:00,10.900,10.900,10.860,10.880,558500
303,2021-03-05 09:35:00,10.830,10.980,10.710,10.960,937224
304,2021-03-05 09:40:00,10.960,11.120,10.950,11.080,1146173
305,2021-03-05 09:45:00,11.080,11.090,10.960,10.960,457457
306,2021-03-05 09:50:00,10.960,11.120,10.920,11.110,484558
307,2021-03-05 09:55:00,11.100,11.110,10.980,11.000,333400
308,2021-03-05 10:00:00,11.000,11.010,10.960,10.990,157800
309,2021-03-05 10:05:00,10.980,11.070,10.980,11.020,310800
310,2021-03-05 10:10:00,11.020,11.020,10.920,10.920,288700
311,2021-03-05 10:15:00,10.920,10.950,10.910,10.920,164100
312,2021-03-05 10:20:00,10.920,10.990,10.920,10.980,162032
313,2021-03-05 10:25:00,10.970,10.980,10.930,10.960,85300
314,2021-03-05 10:30:00,10.950,10.980,10.930,10.930,130660
315,2021-03-05 10:35:00,10.940,10.970,10.930,10.960,42719
316,2021-03-05 10:40:00,10.960,10.970,10.930,10.940,54900
317,2021-03-05 10:45:00,10.930,10.980,10.880,10.880,267968
318,2021-03-05 10:50:00,10.900,10.920,10.880,10.910,136400
319,2021-03-05 10:55:00,10.910,10.970,10.900,10.950,98032
320,2021-03-05 11:00:00,10.950,11.010,10.950,10.990,132400
321,2021-03-05 11:05:00,10.990,11.000,10.970,11.000,84000
322,2021-03-05 11:10:00,11.000,11.000,10.960,10.960,68900
323,2021-03-05 11:15:00,10.970,10.990,10.960,10.980,86400
324,2021-03-05 11:20:00,10.970,10.980,10.930,10.960,122700
325,2021-03-05 11:25:00,10.950,10.960,10.920,10.950,204600
326,2021-03-05 11:30:00,10.940,10.960,10.930,10.930,72400
327,2021-03-05 13:05:00,10.930,10.960,10.930,10.950,60400
328,2021-03-05 13:10:00,10.950,10.980,10.930,10.980,56100
329,2021-03-05 13:15:00,10.970,10.990,10.960,10.960,84600
330,2021-03-05 13:20:00,10.960,10.970,10.910,10.950,138000
331,2021-03-05 13:25:00,10.960,10.980,10.920,10.930,29881
332,2021-03-05 13:30:00,10.920,10.930,10.880,10.880,125219
333,2021-03-05 13:35:00,10.880,10.920,10.880,10.900,109300
334,2021-03-05 13:40:00,10.900,10.910,10.890,10.910,70460
335,2021-03-05 13:45:00,10.910,10.950,10.900,10.950,107141
336,2021-03-05 13:50:00,10.950,10.960,10.920,10.920,79600
337,2021-03-05 13:55:00,10.920,10.950,10.920,10.940,74700
338,2021-03-05 14:00:00,10.940,10.960,10.930,10.940,95700
339,2021-03-05 14:05:00,10.940,10.980,10.940,10.980,121051
340,2021-03-05 14:10:00,10.970,10.970,10.930,10.930,137849
341,2021-03-05 14:15:00,10.930,10.950,10.920,10.920,37300
342,2021-03-05 14:20:00,10.930,10.960,10.920,10.940,119551
343,2021-03-05 14:25:00,10.940,10.950,10.890,10.900,227900
344,2021-03-05 14:30:00,10.900,10.920,10.890,10.900,93500
345,2021-03-05 14:35:00,10.910,10.910,10.880,10.900,214200
346,2021-03-05 14:40:00,10.900,10.900,10.840,10.860,345152
347,2021-03-05 14:45:00,10.870,10.890,10.860,10.870,168256
348,2021-03-05 14:50:00,10.860,10.870,10.770,10.820,643790
349,2021-03-05 14:55:00,10.820,10.830,10.760,10.790,574069
350,2021-03-05 15:00:00,10.780,10.790,10.760,10.770,555534
351,2021-03-08 09:35:00,10.770,10.950,10.710,10.820,860276
352,2021-03-08 09:40:00,10.820,10.950,10.780,10.950,624800
353,2021-03-08 09:45:00,10.950,10.970,10.870,10.910,513600
354,2021-03-08 09:50:00,10.910,10.940,10.900,10.900,291900
355,2021-03-08 09:55:00,10.900,10.920,10.800,10.850,236200
356,2021-03-08 10:00:00,10.840,10.930,10.800,10.930,322500
357,2021-03-08 10:05:00,10.920,11.000,10.910,10.980,646300
358,2021-03-08 10:10:00,10.980,10.990,10.910,10.940,206800
359,2021-03-08 10:15:00,10.950,10.950,10.880,10.890,192200
360,2021-03-08 10:20:00,10.890,10.910,10.860,10.860,151100
361,2021-03-08 10:25:00,10.860,10.880,10.820,10.880,214500
362,2021-03-08 10:30:00,10.860,10.890,10.830,10.840,157900
363,2021-03-08 10:35:00,10.860,10.880,10.810,10.820,206626
364,2021-03-08 10:40:00,10.830,10.830,10.770,10.800,404574
365,2021-03-08 10:45:00,10.790,10.840,10.790,10.810,166300
366,2021-03-08 10:50:00,10.810,10.810,10.760,10.790,185290
367,2021-03-08 10:55:00,10.790,10.810,10.760,10.780,141200
368,2021-03-08 11:00:00,10.810,10.810,10.770,10.780,90900
369,2021-03-08 11:05:00,10.780,10.850,10.780,10.810,98400
370,2021-03-08 11:10:00,10.810,10.830,10.800,10.810,89300
371,2021-03-08 11:15:00,10.810,10.810,10.770,10.800,58700
372,2021-03-08 11:20:00,10.800,10.800,10.750,10.750,102110
373,2021-03-08 11:25:00,10.750,10.770,10.720,10.770,171200
374,2021-03-08 11:30:00,10.760,10.760,10.730,10.730,115400
375,2021-03-08 13:05:00,10.730,10.740,10.710,10.720,210226
376,2021-03-08 13:10:00,10.730,10.740,10.630,10.630,293474
377,2021-03-08 13:15:00,10.620,10.680,10.580,10.620,374715
378,2021-03-08 13:20:00,10.640,10.700,10.620,10.660,79100
379,2021-03-08 13:25:00,10.650,10.690,10.650,10.650,82300
380,2021-03-08 13:30:00,10.650,10.660,10.600,10.610,235900
381,2021-03-08 13:35:00,10.600,10.680,10.600,10.650,107900
382,2021-03-08 13:40:00,10.650,10.660,10.620,10.640,159800
383,2021-03-08 13:45:00,10.640,10.680,10.630,10.650,93800
384,2021-03-08 13:50:00,10.650,10.670,10.600,10.600,145000
385,2021-03-08 13:55:00,10.610,10.620,10.600,10.600,125400
386,2021-03-08 14:00:00,10.600,10.620,10.600,10.620,92100
387,2021-03-08 14:05:00,10.620,10.630,10.600,10.600,113900
388,2021-03-08 14:10:00,10.600,10.620,10.600,10.600,88500
389,2021-03-08 14:15:00,10.600,10.610,10.550,10.560,328310
390,2021-03-08 14:20:00,10.560,10.600,10.520,10.580,392100
391,2021-03-08 14:25:00,10.570,10.570,10.550,10.570,143100
392,2021-03-08 14:30:00,10.560,10.570,10.520,10.530,166900
393,2021-03-08 14:35:00,10.540,10.550,10.510,10.510,305300
394,2021-03-08 14:40:00,10.520,10.530,10.500,10.510,229900
395,2021-03-08 14:45:00,10.500,10.550,10.500,10.520,294812
396,2021-03-08 14:50:00,10.520,10.530,10.500,10.510,340674
397,2021-03-08 14:55:00,10.510,10.530,10.500,10.510,255900
398,2021-03-08 15:00:00,10.520,10.520,10.490,10.490,516694
399,2021-03-09 09:35:00,10.480,10.620,10.350,10.380,581300
400,2021-03-09 09:40:00,10.360,10.550,10.250,10.490,762053
401,2021-03-09 09:45:00,10.510,10.730,10.470,10.550,1013449
402,2021-03-09 09:50:00,10.560,10.680,10.540,10.630,621195
403,2021-03-09 09:55:00,10.630,10.650,10.460,10.460,448511
404,2021-03-09 10:00:00,10.460,10.470,10.300,10.380,676900
405,2021-03-09 10:05:00,10.400,10.650,10.330,10.630,509093
406,2021-03-09 10:10:00,10.630,10.750,10.630,10.650,598600
407,2021-03-09 10:15:00,10.650,10.740,10.640,10.690,491100
408,2021-03-09 10:20:00,10.690,10.750,10.690,10.730,532200
409,2021-03-09 10:25:00,10.730,10.730,10.640,10.690,233400
410,2021-03-09 10:30:00,10.690,10.690,10.640,10.660,113000
411,2021-03-09 10:35:00,10.660,10.730,10.660,10.670,236407
412,2021-03-09 10:40:00,10.660,10.710,10.650,10.680,181138
413,2021-03-09 10:45:00,10.700,10.730,10.670,10.700,174300
414,2021-03-09 10:50:00,10.700,10.710,10.680,10.680,70700
415,2021-03-09 10:55:00,10.690,10.800,10.670,10.800,762900
416,2021-03-09 11:00:00,10.800,10.890,10.800,10.820,771100
417,2021-03-09 11:05:00,10.820,10.850,10.800,10.800,319500
418,2021-03-09 11:10:00,10.800,10.810,10.750,10.770,213860
419,2021-03-09 11:15:00,10.780,10.800,10.760,10.800,114800
420,2021-03-09 11:20:00,10.800,10.830,10.790,10.820,123100
421,2021-03-09 11:25:00,10.820,10.820,10.760,10.770,114100
422,2021-03-09 11:30:00,10.770,10.810,10.760,10.790,74044
423,2021-03-09 13:05:00,10.800,10.830,10.760,10.790,205800
424,2021-03-09 13:10:00,10.790,10.830,10.790,10.810,63600
425,2021-03-09 13:15:00,10.810,10.840,10.800,10.830,107000
426,2021-03-09 13:20:00,10.840,10.840,10.790,10.790,54400
427,2021-03-09 13:25:00,10.790,10.790,10.750,10.780,81000
428,2021-03-09 13:30:00,10.780,10.780,10.720,10.750,130000
429,2021-03-09 13:35:00,10.750,10.770,10.740,10.740,49400
430,2021-03-09 13:40:00,10.740,10.750,10.700,10.710,116400
431,2021-03-09 13:45:00,10.710,10.730,10.700,10.700,67500
432,2021-03-09 13:50:00,10.710,10.750,10.700,10.720,70760
433,2021-03-09 13:55:00,10.720,10.730,10.650,10.670,200040
434,2021-03-09 14:00:00,10.660,10.690,10.640,10.660,69500
435,2021-03-09 14:05:00,10.660,10.730,10.650,10.690,100300
436,2021-03-09 14:10:00,10.700,10.720,10.680,10.680,52600
437,2021-03-09 14:15:00,10.680,10.690,10.650,10.660,79200
438,2021-03-09 14:20:00,10.660,10.670,10.650,10.650,95800
439,2021-03-09 14:25:00,10.650,10.660,10.610,10.630,146262
440,2021-03-09 14:30:00,10.610,10.640,10.610,10.630,57530
441,2021-03-09 14:35:00,10.620,10.680,10.610,10.670,104900
442,2021-03-09 14:40:00,10.660,10.660,10.600,10.600,192470
443,2021-03-09 14:45:00,10.600,10.600,10.550,10.550,242200
444,2021-03-09 14:50:00,10.560,10.570,10.540,10.560,228060
445,2021-03-09 14:55:00,10.560,10.580,10.540,10.560,180200
446,2021-03-09 15:00:00,10.570,10.620,10.570,10.620,286630
447,2021-03-10 09:35:00,10.700,10.780,10.450,10.450,811700
448,2021-03-10 09:40:00,10.460,10.480,10.360,10.430,656400
449,2021-03-10 09:45:00,10.430,10.500,10.410,10.450,364900
450,2021-03-10 09:50:00,10.450,10.490,10.390,10.490,366300
451,2021-03-10 09:55:00,10.480,10.560,10.470,10.490,169500
452,2021-03-10 10:00:00,10.480,10.490,10.400,10.440,265600
453,2021-03-10 10:05:00,10.440,10.520,10.410,10.440,139600
454,2021-03-10 10:10:00,10.440,10.460,10.300,10.330,571500
455,2021-03-10 10:15:00,10.330,10.390,10.300,10.330,288500
456,2021-03-10 10:20:00,10.320,10.340,10.280,10.290,567300
457,2021-03-10 10:25:00,10.300,10.380,10.300,10.380,123800
458,2021-03-10 10:30:00,10.380,10.400,10.370,10.390,110400
459,2021-03-10 10:35:00,10.380,10.390,10.300,10.340,155400
460,2021-03-10 10:40:00,10.340,10.420,10.340,10.370,95900
461,2021-03-10 10:45:00,10.360,10.390,10.340,10.380,32200
462,2021-03-10 10:50:00,10.380,10.420,10.340,10.400,98707
463,2021-03-10 10:55:00,10.380,10.410,10.370,10.410,47500
464,2021-03-10 11:00:00,10.410,10.430,10.410,10.410,45316
465,2021-03-10 11:05:00,10.400,10.410,10.360,10.360,53700
466,2021-03-10 11:10:00,10.370,10.370,10.350,10.350,85300
467,2021-03-10 11:15:00,10.350,10.390,10.350,10.390,27100
468,2021-03-10 11:20:00,10.390,10.390,10.370,10.380,45100
469,2021-03-10 11:25:00,10.370,10.380,10.350,10.360,41000
470,2021-03-10 11:30:00,10.350,10.360,10.320,10.330,61500
471,2021-03-10 13:05:00,10.330,10.340,10.300,10.310,118730
472,2021-03-10 13:10:00,10.310,10.400,10.300,10.330,74200
473,2021-03-10 13:15:00,10.380,10.480,10.380,10.430,161260
474,2021-03-10 13:20:00,10.420,10.620,10.420,10.590,538500
475,2021-03-10 13:25:00,10.590,10.600,10.490,10.580,191700
476,2021-03-10 13:30:00,10.570,10.570,10.480,10.540,88600
477,2021-03-10 13:35:00,10.540,10.560,10.480,10.480,57100
478,2021-03-10 13:40:00,10.480,10.500,10.470,10.490,32800
479,2021-03-10 13:45:00,10.480,10.490,10.450,10.460,51700
480,2021-03-10 13:50:00,10.460,10.530,10.460,10.480,38700
481,2021-03-10 13:55:00,10.480,10.490,10.480,10.480,22400
482,2021-03-10 14:00:00,10.480,10.490,10.460,10.480,41700
483,2021-03-10 14:05:00,10.480,10.530,10.480,10.510,77700
484,2021-03-10 14:10:00,10.500,10.520,10.500,10.510,58500
485,2021-03-10 14:15:00,10.500,10.500,10.470,10.470,56900
486,2021-03-10 14:20:00,10.470,10.490,10.450,10.460,55800
487,2021-03-10 14:25:00,10.460,10.460,10.440,10.440,79600
488,2021-03-10 14:30:00,10.440,10.440,10.400,10.410,114900
489,2021-03-10 14:35:00,10.420,10.430,10.390,10.390,81400
490,2021-03-10 14:40:00,10.380,10.390,10.350,10.350,150100
491,2021-03-10 14:45:00,10.350,10.410,10.340,10.390,207800
492,2021-03-10 14:50:00,10.390,10.390,10.310,10.310,260400
493,2021-03-10 14:55:00,10.310,10.360,10.280,10.360,439530
494,2021-03-10 15:00:00,10.350,10.370,10.310,10.330,288439
495,2021-03-11 09:35:00,10.320,10.330,10.020,10.060,916700
496,2021-03-11 09:40:00,10.060,10.290,10.040,10.200,669800
497,2021-03-11 09:45:00,10.210,10.310,10.190,10.230,236600
498,2021-03-11 09:50:00,10.230,10.300,10.210,10.280,182600
499,2021-03-11 09:55:00,10.280,10.300,10.230,10.240,162760
500,2021-03-11 10:00:00,10.250,10.290,10.240,10.240,133505
501,2021-03-11 10:05:00,10.240,10.280,10.240,10.260,162900
502,2021-03-11 10:10:00,10.260,10.330,10.250,10.310,215527
503,2021-03-11 10:15:00,10.320,10.340,10.290,10.340,134000
504,2021-03-11 10:20:00,10.350,10.350,10.300,10.310,142900
505,2021-03-11 10:25:00,10.310,10.340,10.300,10.320,88300
506,2021-03-11 10:30:00,10.330,10.350,10.300,10.330,147600
507,2021-03-11 10:35:00,10.320,10.350,10.300,10.340,176800
508,2021-03-11 10:40:00,10.350,10.350,10.320,10.340,77800
509,2021-03-11 10:45:00,10.340,10.340,10.320,10.320,104900
510,2021-03-11 10:50:00,10.320,10.330,10.310,10.320,151000
511,2021-03-11 10:55:00,10.330,10.400,10.310,10.380,267538
512,2021-03-11 11:00:00,10.380,10.390,10.350,10.360,78000
513,2021-03-11 11:05:00,10.340,10.370,10.330,10.360,113100
514,2021-03-11 11:10:00,10.330,10.350,10.310,10.330,72200
515,2021-03-11 11:15:00,10.330,10.340,10.320,10.330,73890
516,2021-03-11 11:20:00,10.330,10.360,10.330,10.330,63900
517,2021-03-11 11:25:00,10.320,10.350,10.310,10.330,134000
518,2021-03-11 11:30:00,10.330,10.370,10.330,10.370,119600
519,2021-03-11 13:05:00,10.370,10.450,10.350,10.420,262800
520,2021-03-11 13:10:00,10.420,10.440,10.400,10.420,73400
521,2021-03-11 13:15:00,10.420,10.430,10.380,10.390,88200
522,2021-03-11 13:20:00,10.380,10.420,10.370,10.420,117600
523,2021-03-11 13:25:00,10.420,10.440,10.400,10.400,87600
524,2021-03-11 13:30:00,10.390,10.440,10.390,10.430,154400
525,2021-03-11 13:35:00,10.430,10.470,10.420,10.470,191800
526,2021-03-11 13:40:00,10.470,10.480,10.400,10.450,187100
527,2021-03-11 13:45:00,10.420,10.450,10.420,10.440,52000
528,2021-03-11 13:50:00,10.440,10.440,10.400,10.400,42600
529,2021-03-11 13:55:00,10.400,10.410,10.370,10.390,111000
530,2021-03-11 14:00:00,10.400,10.410,10.380,10.410,69000
531,2021-03-11 14:05:00,10.410,10.410,10.390,10.390,47200
532,2021-03-11 14:10:00,10.390,10.390,10.330,10.340,178200
533,2021-03-11 14:15:00,10.350,10.350,10.330,10.330,108600
534,2021-03-11 14:20:00,10.330,10.340,10.320,10.320,125000
535,2021-03-11 14:25:00,10.330,10.340,10.320,10.330,61200
536,2021-03-11 14:30:00,10.330,10.330,10.320,10.330,77800
537,2021-03-11 14:35:00,10.340,10.340,10.310,10.320,137500
538,2021-03-11 14:40:00,10.320,10.350,10.320,10.350,77300
539,2021-03-11 14:45:00,10.340,10.370,10.340,10.350,88600
540,2021-03-11 14:50:00,10.360,10.380,10.350,10.380,112629
541,2021-03-11 14:55:00,10.370,10.380,10.350,10.360,258371
542,2021-03-11 15:00:00,10.360,10.370,10.350,10.360,346800
543,2021-03-12 09:35:00,10.350,10.380,10.250,10.310,451400
544,2021-03-12 09:40:00,10.300,10.350,10.280,10.310,154900
545,2021-03-12 09:45:00,10.310,10.470,10.270,10.410,572600
546,2021-03-12 09:50:00,10.390,10.520,10.390,10.440,898030
547,2021-03-12 09:55:00,10.440,10.450,10.360,10.360,370600
548,2021-03-12 10:00:00,10.360,10.410,10.360,10.380,158300
549,2021-03-12 10:05:00,10.380,10.440,10.350,10.440,197600
550,2021-03-12 10:10:00,10.420,10.430,10.390,10.410,135300
551,2021-03-12 10:15:00,10.410,10.480,10.390,10.480,288327
552,2021-03-12 10:20:00,10.480,10.500,10.440,10.500,352900
553,2021-03-12 10:25:00,10.490,10.490,10.440,10.460,71400
554,2021-03-12 10:30:00,10.460,10.470,10.440,10.460,150900
555,2021-03-12 10:35:00,10.460,10.460,10.390,10.400,162500
556,2021-03-12 10:40:00,10.400,10.420,10.400,10.400,170180
557,2021-03-12 10:45:00,10.400,10.430,10.390,10.390,92900
558,2021-03-12 10:50:00,10.400,10.400,10.340,10.350,216000
559,2021-03-12 10:55:00,10.350,10.360,10.340,10.350,251029
560,2021-03-12 11:00:00,10.350,10.370,10.340,10.350,84000
561,2021-03-12 11:05:00,10.340,10.360,10.310,10.330,165600
562,2021-03-12 11:10:00,10.330,10.350,10.290,10.340,182800
563,2021-03-12 11:15:00,10.340,10.380,10.320,10.330,90900
564,2021-03-12 11:20:00,10.320,10.340,10.310,10.330,73400
565,2021-03-12 11:25:00,10.330,10.380,10.320,10.380,46976
566,2021-03-12 11:30:00,10.380,10.380,10.360,10.370,43500
567,2021-03-12 13:05:00,10.370,10.380,10.360,10.380,65086
568,2021-03-12 13:10:00,10.380,10.390,10.360,10.390,59600
569,2021-03-12 13:15:00,10.380,10.390,10.350,10.350,86514
570,2021-03-12 13:20:00,10.350,10.390,10.350,10.390,76700
571,2021-03-12 13:25:00,10.380,10.390,10.350,10.350,44500
572,2021-03-12 13:30:00,10.340,10.360,10.340,10.350,50400
573,2021-03-12 13:35:00,10.350,10.360,10.310,10.320,86300
574,2021-03-12 13:40:00,10.310,10.340,10.310,10.320,52500
575,2021-03-12 13:45:00,10.320,10.350,10.310,10.350,51800
576,2021-03-12 13:50:00,10.340,10.350,10.330,10.340,34400
577,2021-03-12 13:55:00,10.340,10.350,10.310,10.320,99600
578,2021-03-12 14:00:00,10.300,10.320,10.300,10.310,75700
579,2021-03-12 14:05:00,10.320,10.320,10.310,10.320,31300
580,2021-03-12 14:10:00,10.320,10.330,10.320,10.320,33484
581,2021-03-12 14:15:00,10.320,10.330,10.310,10.320,54316
582,2021-03-12 14:20:00,10.310,10.320,10.250,10.260,280300
583,2021-03-12 14:25:00,10.260,10.280,10.200,10.200,342000
584,2021-03-12 14:30:00,10.200,10.230,10.190,10.220,205468
585,2021-03-12 14:35:00,10.230,10.230,10.140,10.180,504557
586,2021-03-12 14:40:00,10.180,10.190,10.150,10.170,183402
587,2021-03-12 14:45:00,10.170,10.180,10.160,10.170,195210
588,2021-03-12 14:50:00,10.170,10.200,10.170,10.180,202368
589,2021-03-12 14:55:00,10.190,10.200,10.180,10.190,258900
590,2021-03-12 15:00:00,10.180,10.190,10.170,10.180,318900
591,2021-03-15 09:35:00,10.160,10.160,9.890,9.930,825200
592,2021-03-15 09:40:00,9.930,9.980,9.900,9.930,670200
593,2021-03-15 09:45:00,9.920,9.930,9.830,9.910,669979
594,2021-03-15 09:50:00,9.920,9.990,9.910,9.930,339200
595,2021-03-15 09:55:00,9.930,9.970,9.910,9.960,200500
596,2021-03-15 10:00:00,9.960,9.970,9.930,9.950,164229
597,2021-03-15 10:05:00,9.950,10.120,9.940,10.030,528500
598,2021-03-15 10:10:00,10.010,10.040,10.010,10.010,215100
599,2021-03-15 10:15:00,10.010,10.010,9.930,9.970,209600
600,2021-03-15 10:20:00,9.950,10.000,9.930,9.990,225300
601,2021-03-15 10:25:00,10.010,10.030,9.990,10.010,73900
602,2021-03-15 10:30:00,10.010,10.030,9.990,10.030,209128
603,2021-03-15 10:35:00,10.020,10.030,10.000,10.000,98898
604,2021-03-15 10:40:00,10.000,10.000,9.950,10.000,144746
605,2021-03-15 10:45:00,9.970,10.000,9.960,9.960,13800
606,2021-03-15 10:50:00,9.960,10.000,9.950,9.990,190700
607,2021-03-15 10:55:00,9.990,10.020,9.980,9.980,82800
608,2021-03-15 11:00:00,9.980,9.990,9.960,9.980,103500
609,2021-03-15 11:05:00,9.980,9.980,9.970,9.970,33900
610,2021-03-15 11:10:00,9.980,9.990,9.970,9.970,32545
611,2021-03-15 11:15:00,9.980,9.980,9.950,9.960,92355
612,2021-03-15 11:20:00,9.960,9.980,9.960,9.960,32500
613,2021-03-15 11:25:00,9.960,9.970,9.950,9.950,46000
614,2021-03-15 11:30:00,9.960,9.970,9.950,9.970,71500
615,2021-03-15 13:05:00,9.960,9.990,9.940,9.940,135200
616,2021-03-15 13:10:00,9.930,9.940,9.900,9.920,172600
617,2021-03-15 13:15:00,9.920,9.980,9.910,9.960,55700
618,2021-03-15 13:20:00,9.960,9.960,9.910,9.910,114500
619,2021-03-15 13:25:00,9.910,9.930,9.900,9.920,108600
620,2021-03-15 13:30:00,9.920,9.920,9.900,9.910,50100
621,2021-03-15 13:35:00,9.920,9.920,9.880,9.900,131600
622,2021-03-15 13:40:00,9.900,9.900,9.870,9.880,120500
623,2021-03-15 13:45:00,9.870,9.900,9.870,9.890,92930
624,2021-03-15 13:50:00,9.890,9.900,9.880,9.900,81800
625,2021-03-15 13:55:00,9.890,9.910,9.890,9.900,75900
626,2021-03-15 14:00:00,9.900,9.900,9.880,9.890,76700
627,2021-03-15 14:05:00,9.880,9.900,9.870,9.890,78000
628,2021-03-15 14:10:00,9.900,9.900,9.870,9.880,107100
629,2021-03-15 14:15:00,9.880,9.880,9.830,9.830,259220
630,2021-03-15 14:20:00,9.840,9.840,9.790,9.820,432100
631,2021-03-15 14:25:00,9.810,9.850,9.810,9.830,113602
632,2021-03-15 14:30:00,9.830,9.870,9.810,9.870,124000
633,2021-03-15 14:35:00,9.860,9.860,9.830,9.850,106200
634,2021-03-15 14:40:00,9.850,9.880,9.840,9.880,74000
635,2021-03-15 14:45:00,9.880,9.880,9.840,9.840,120000
636,2021-03-15 14:50:00,9.850,9.850,9.800,9.810,421998
637,2021-03-15 14:55:00,9.800,9.840,9.780,9.810,567302
638,2021-03-15 15:00:00,9.800,9.810,9.790,9.790,435500
639,2021-03-16 09:35:00,9.870,9.910,9.830,9.890,326700
640,2021-03-16 09:40:00,9.890,9.920,9.880,9.900,240500
641,2021-03-16 09:45:00,9.880,9.880,9.810,9.830,319100
642,2021-03-16 09:50:00,9.830,9.890,9.820,9.860,193000
643,2021-03-16 09:55:00,9.860,9.900,9.840,9.840,343002
644,2021-03-16 10:00:00,9.840,9.890,9.830,9.880,160922
645,2021-03-16 10:05:00,9.880,9.880,9.860,9.860,144200
646,2021-03-16 10:10:00,9.850,9.890,9.840,9.880,136910
647,2021-03-16 10:15:00,9.880,9.880,9.850,9.860,90900
648,2021-03-16 10:20:00,9.860,9.910,9.850,9.890,184390
649,2021-03-16 10:25:00,9.890,9.890,9.850,9.860,50600
650,2021-03-16 10:30:00,9.860,9.870,9.860,9.870,38800
651,2021-03-16 10:35:00,9.860,9.860,9.770,9.770,272800
652,2021-03-16 10:40:00,9.760,9.800,9.760,9.760,133000
653,2021-03-16 10:45:00,9.760,9.800,9.720,9.760,239400
654,2021-03-16 10:50:00,9.760,9.820,9.760,9.800,91200
655,2021-03-16 10:55:00,9.820,9.830,9.790,9.800,82900
656,2021-03-16 11:00:00,9.800,9.830,9.800,9.820,42900
657,2021-03-16 11:05:00,9.820,9.820,9.810,9.820,40545
658,2021-03-16 11:10:00,9.830,9.850,9.820,9.840,56200
659,2021-03-16 11:15:00,9.840,9.850,9.820,9.850,65500
660,2021-03-16 11:20:00,9.850,9.860,9.830,9.850,40500
661,2021-03-16 11:25:00,9.860,9.870,9.830,9.850,111400
662,2021-03-16 11:30:00,9.830,9.850,9.790,9.820,129000
663,2021-03-16 13:05:00,9.810,9.860,9.790,9.820,67000
664,2021-03-16 13:10:00,9.830,9.860,9.820,9.840,42200
665,2021-03-16 13:15:00,9.830,9.850,9.810,9.820,63500
666,2021-03-16 13:20:00,9.830,9.850,9.820,9.850,43500
667,2021-03-16 13:25:00,9.850,9.850,9.840,9.840,31000
668,2021-03-16 13:30:00,9.840,9.850,9.810,9.820,90000
669,2021-03-16 13:35:00,9.820,9.840,9.790,9.830,92500
670,2021-03-16 13:40:00,9.830,9.850,9.800,9.840,128800
671,2021-03-16 13:45:00,9.840,9.860,9.840,9.840,75400
672,2021-03-16 13:50:00,9.850,9.850,9.830,9.850,42800
673,2021-03-16 13:55:00,9.850,9.850,9.810,9.820,75900
674,2021-03-16 14:00:00,9.820,10.030,9.810,10.030,1099237
675,2021-03-16 14:05:00,10.030,10.200,9.940,10.190,2435543
676,2021-03-16 14:10:00,10.190,10.210,10.120,10.120,672500
677,2021-03-16 14:15:00,10.120,10.190,10.110,10.140,453300
678,2021-03-16 14:20:00,10.140,10.170,10.130,10.170,179100
679,2021-03-16 14:25:00,10.170,10.170,10.150,10.150,136100
680,2021-03-16 14:30:00,10.150,10.150,10.130,10.140,70000
681,2021-03-16 14:35:00,10.150,10.210,10.140,10.200,453400
682,2021-03-16 14:40:00,10.200,10.230,10.190,10.230,275300
683,2021-03-16 14:45:00,10.230,10.280,10.230,10.240,442918
684,2021-03-16 14:50:00,10.240,10.250,10.220,10.230,285892
685,2021-03-16 14:55:00,10.230,10.260,10.200,10.260,513154
686,2021-03-16 15:00:00,10.260,10.290,10.250,10.280,561058
687,2021-03-17 09:35:00,10.230,10.290,10.110,10.250,960801
688,2021-03-17 09:40:00,10.240,10.250,10.130,10.140,572500
689,2021-03-17 09:45:00,10.130,10.160,10.100,10.140,382900
690,2021-03-17 09:50:00,10.140,10.140,10.050,10.070,646600
691,2021-03-17 09:55:00,10.070,10.160,10.060,10.150,266598
692,2021-03-17 10:00:00,10.150,10.220,10.140,10.200,219000
693,2021-03-17 10:05:00,10.210,10.220,10.150,10.200,235100
694,2021-03-17 10:10:00,10.200,10.210,10.160,10.190,136800
695,2021-03-17 10:15:00,10.190,10.260,10.180,10.220,172800
696,2021-03-17 10:20:00,10.220,10.230,10.190,10.200,102400
697,2021-03-17 10:25:00,10.200,10.230,10.200,10.210,85400
698,2021-03-17 10:30:00,10.210,10.220,10.170,10.170,218900
699,2021-03-17 10:35:00,10.180,10.230,10.170,10.210,102100
700,2021-03-17 10:40:00,10.220,10.240,10.210,10.220,94000
701,2021-03-17 10:45:00,10.210,10.220,10.200,10.210,61500
702,2021-03-17 10:50:00,10.210,10.220,10.180,10.190,73100
703,2021-03-17 10:55:00,10.190,10.200,10.190,10.190,22000
704,2021-03-17 11:00:00,10.190,10.210,10.170,10.210,91000
705,2021-03-17 11:05:00,10.200,10.220,10.190,10.200,89600
706,2021-03-17 11:10:00,10.200,10.220,10.190,10.220,75100
707,2021-03-17 11:15:00,10.210,10.270,10.210,10.240,150752
708,2021-03-17 11:20:00,10.230,10.240,10.200,10.210,60700
709,2021-03-17 11:25:00,10.210,10.240,10.210,10.220,36500
710,2021-03-17 11:30:00,10.240,10.250,10.220,10.250,30900
711,2021-03-17 13:05:00,10.240,10.260,10.230,10.240,90300
712,2021-03-17 13:10:00,10.240,10.240,10.230,10.230,66400
713,2021-03-17 13:15:00,10.220,10.250,10.180,10.190,89600
714,2021-03-17 13:20:00,10.190,10.230,10.180,10.180,41400
715,2021-03-17 13:25:00,10.190,10.240,10.180,10.210,53600
716,2021-03-17 13:30:00,10.240,10.240,10.210,10.220,23800
717,2021-03-17 13:35:00,10.210,10.230,10.190,10.210,50900
718,2021-03-17 13:40:00,10.210,10.220,10.190,10.200,49500
719,2021-03-17 13:45:00,10.190,10.210,10.190,10.210,58377
720,2021-03-17 13:50:00,10.200,10.240,10.200,10.230,47300
721,2021-03-17 13:55:00,10.230,10.240,10.200,10.200,56800
722,2021-03-17 14:00:00,10.190,10.210,10.190,10.200,44300
723,2021-03-17 14:05:00,10.190,10.200,10.180,10.190,62400
724,2021-03-17 14:10:00,10.190,10.200,10.180,10.190,30700
725,2021-03-17 14:15:00,10.200,10.230,10.190,10.200,83700
726,2021-03-17 14:20:00,10.200,10.210,10.190,10.210,44900
727,2021-03-17 14:25:00,10.200,10.210,10.190,10.190,89100
728,2021-03-17 14:30:00,10.200,10.210,10.190,10.210,47900
729,2021-03-17 14:35:00,10.200,10.230,10.200,10.230,51650
730,2021-03-17 14:40:00,10.230,10.230,10.190,10.190,127666
731,2021-03-17 14:45:00,10.190,10.200,10.150,10.160,247750
732,2021-03-17 14:50:00,10.170,10.190,10.150,10.150,244400
733,2021-03-17 14:55:00,10.150,10.180,10.150,10.170,237700
734,2021-03-17 15:00:00,10.170,10.190,10.160,10.180,271000
735,2021-03-18 09:35:00,10.160,10.160,10.090,10.130,285000
736,2021-03-18 09:40:00,10.130,10.140,10.010,10.040,524557
737,2021-03-18 09:45:00,10.040,10.130,10.040,10.120,141600
738,2021-03-18 09:50:00,10.110,10.110,10.050,10.050,199500
739,2021-03-18 09:55:00,10.050,10.060,10.030,10.060,227900
740,2021-03-18 10:00:00,10.060,10.100,10.060,10.060,110500
741,2021-03-18 10:05:00,10.070,10.100,10.050,10.070,115000
742,2021-03-18 10:10:00,10.070,10.090,10.060,10.070,109300
743,2021-03-18 10:15:00,10.060,10.080,10.050,10.080,89600
744,2021-03-18 10:20:00,10.070,10.180,10.060,10.170,164600
745,2021-03-18 10:25:00,10.170,10.180,10.130,10.160,112600
746,2021-03-18 10:30:00,10.160,10.160,10.130,10.140,53400
747,2021-03-18 10:35:00,10.140,10.150,10.100,10.100,36700
748,2021-03-18 10:40:00,10.100,10.140,10.090,10.140,56600
749,2021-03-18 10:45:00,10.140,10.170,10.140,10.150,70130
750,2021-03-18 10:50:00,10.150,10.160,10.140,10.160,35400
751,2021-03-18 10:55:00,10.160,10.160,10.130,10.130,83000
752,2021-03-18 11:00:00,10.130,10.140,10.110,10.130,53100
753,2021-03-18 11:05:00,10.140,10.150,10.120,10.130,85000
754,2021-03-18 11:10:00,10.130,10.130,10.110,10.110,49500
755,2021-03-18 11:15:00,10.110,10.130,10.110,10.110,64000
756,2021-03-18 11:20:00,10.120,10.140,10.120,10.120,43000
757,2021-03-18 11:25:00,10.130,10.170,10.120,10.160,83830
758,2021-03-18 11:30:00,10.170,10.240,10.160,10.240,178200
759,2021-03-18 13:05:00,10.240,10.260,10.200,10.200,179100
760,2021-03-18 13:10:00,10.200,10.200,10.170,10.190,81400
761,2021-03-18 13:15:00,10.200,10.200,10.180,10.190,55600
762,2021-03-18 13:20:00,10.190,10.200,10.180,10.180,32600
763,2021-03-18 13:25:00,10.180,10.200,10.180,10.190,46200
764,2021-03-18 13:30:00,10.200,10.220,10.200,10.210,72400
765,2021-03-18 13:35:00,10.220,10.220,10.190,10.190,79000
766,2021-03-18 13:40:00,10.190,10.210,10.180,10.190,83700
767,2021-03-18 13:45:00,10.180,10.200,10.180,10.200,62000
768,2021-03-18 13:50:00,10.200,10.200,10.140,10.160,108200
769,2021-03-18 13:55:00,10.140,10.180,10.130,10.180,57000
770,2021-03-18 14:00:00,10.170,10.170,10.140,10.150,43300
771,2021-03-18 14:05:00,10.140,10.140,10.120,10.130,99900
772,2021-03-18 14:10:00,10.130,10.140,10.120,10.120,51600
773,2021-03-18 14:15:00,10.120,10.150,10.120,10.130,48460
774,2021-03-18 14:20:00,10.140,10.140,10.110,10.120,58300
775,2021-03-18 14:25:00,10.120,10.130,10.110,10.110,74900
776,2021-03-18 14:30:00,10.110,10.120,10.110,10.120,46100
777,2021-03-18 14:35:00,10.110,10.130,10.100,10.120,108500
778,2021-03-18 14:40:00,10.120,10.130,10.110,10.130,35700
779,2021-03-18 14:45:00,10.110,10.130,10.100,10.110,209600
780,2021-03-18 14:50:00,10.110,10.110,10.080,10.080,164300
781,2021-03-18 14:55:00,10.090,10.090,10.060,10.060,219500
782,2021-03-18 15:00:00,10.060,10.100,10.050,10.100,260910
783,2021-03-19 09:35:00,10.000,10.100,9.950,10.080,400322
784,2021-03-19 09:40:00,10.080,10.230,10.080,10.160,482060
785,2021-03-19 09:45:00,10.140,10.190,10.110,10.150,259700
786,2021-03-19 09:50:00,10.150,10.160,10.130,10.130,103300
787,2021-03-19 09:55:00,10.130,10.130,10.110,10.110,82852
788,2021-03-19 10:00:00,10.110,10.120,10.080,10.090,86700
789,2021-03-19 10:05:00,10.090,10.110,10.060,10.100,90748
790,2021-03-19 10:10:00,10.100,10.120,10.050,10.100,338100
791,2021-03-19 10:15:00,10.100,10.130,10.090,10.130,56500
792,2021-03-19 10:20:00,10.130,10.140,10.110,10.130,79400
793,2021-03-19 10:25:00,10.130,10.160,10.110,10.150,124990
794,2021-03-19 10:30:00,10.150,10.180,10.140,10.160,91410
795,2021-03-19 10:35:00,10.150,10.160,10.130,10.130,88600
796,2021-03-19 10:40:00,10.140,10.320,10.140,10.270,799290
797,2021-03-19 10:45:00,10.260,10.320,10.240,10.240,753000
798,2021-03-19 10:50:00,10.240,10.280,10.240,10.260,100100
799,2021-03-19 10:55:00,10.260,10.270,10.240,10.270,73200
800,2021-03-19 11:00:00,10.270,10.270,10.250,10.250,87600
801,2021-03-19 11:05:00,10.250,10.250,10.210,10.230,141030
802,2021-03-19 11:10:00,10.230,10.250,10.230,10.240,28200
803,2021-03-19 11:15:00,10.240,10.250,10.220,10.220,49200
804,2021-03-19 11:20:00,10.230,10.240,10.220,10.240,44700
805,2021-03-19 11:25:00,10.240,10.250,10.230,10.230,35400
806,2021-03-19 11:30:00,10.230,10.250,10.230,10.230,63700
807,2021-03-19 13:05:00,10.230,10.240,10.220,10.220,61900
808,2021-03-19 13:10:00,10.210,10.230,10.180,10.180,183500
809,2021-03-19 13:15:00,10.190,10.200,10.180,10.200,72900
810,2021-03-19 13:20:00,10.190,10.210,10.170,10.170,67400
811,2021-03-19 13:25:00,10.170,10.180,10.130,10.140,93000
812,2021-03-19 13:30:00,10.140,10.150,10.130,10.140,54400
813,2021-03-19 13:35:00,10.140,10.150,10.130,10.150,23400
814,2021-03-19 13:40:00,10.160,10.180,10.150,10.150,38900
815,2021-03-19 13:45:00,10.160,10.180,10.150,10.160,22300
816,2021-03-19 13:50:00,10.160,10.160,10.130,10.150,55700
817,2021-03-19 13:55:00,10.150,10.160,10.130,10.130,42400
818,2021-03-19 14:00:00,10.130,10.160,10.130,10.150,48000
819,2021-03-19 14:05:00,10.150,10.150,10.100,10.100,124600
820,2021-03-19 14:10:00,10.100,10.120,10.080,10.120,65200
821,2021-03-19 14:15:00,10.120,10.130,10.090,10.090,146300
822,2021-03-19 14:20:00,10.090,10.110,10.090,10.100,48700
823,2021-03-19 14:25:00,10.100,10.110,10.100,10.100,48500
824,2021-03-19 14:30:00,10.100,10.130,10.100,10.130,29000
825,2021-03-19 14:35:00,10.130,10.160,10.130,10.140,82600
826,2021-03-19 14:40:00,10.140,10.140,10.100,10.110,83400
827,2021-03-19 14:45:00,10.100,10.110,10.100,10.100,89100
828,2021-03-19 14:50:00,10.100,10.150,10.100,10.150,69800
829,2021-03-19 14:55:00,10.150,10.160,10.130,10.160,196600
830,2021-03-19 15:00:00,10.160,10.230,10.150,10.220,387527
831,2021-03-22 09:35:00,10.200,10.290,10.160,10.230,395700
832,2021-03-22 09:40:00,10.230,10.250,10.170,10.240,238400
833,2021-03-22 09:45:00,10.240,10.240,10.190,10.200,245600
834,2021-03-22 09:50:00,10.200,10.240,10.190,10.230,221100
835,2021-03-22 09:55:00,10.230,10.270,10.220,10.250,190000
836,2021-03-22 10:00:00,10.250,10.250,10.220,10.240,106300
837,2021-03-22 10:05:00,10.230,10.300,10.220,10.290,298500
838,2021-03-22 10:10:00,10.290,10.300,10.270,10.280,186300
839,2021-03-22 10:15:00,10.270,10.270,10.240,10.250,113700
840,2021-03-22 10:20:00,10.250,10.250,10.230,10.230,86700
841,2021-03-22 10:25:00,10.230,10.280,10.210,10.280,197100
842,2021-03-22 10:30:00,10.280,10.360,10.280,10.280,417168
843,2021-03-22 10:35:00,10.290,10.320,10.280,10.290,174200
844,2021-03-22 10:40:00,10.290,10.290,10.250,10.290,120600
845,2021-03-22 10:45:00,10.290,10.320,10.280,10.320,101100
846,2021-03-22 10:50:00,10.320,10.320,10.300,10.300,110700
847,2021-03-22 10:55:00,10.290,10.310,10.280,10.300,77600
848,2021-03-22 11:00:00,10.300,10.310,10.300,10.310,39700
849,2021-03-22 11:05:00,10.310,10.360,10.310,10.350,281728
850,2021-03-22 11:10:00,10.340,10.350,10.330,10.340,114300
851,2021-03-22 11:15:00,10.330,10.340,10.320,10.320,83600
852,2021-03-22 11:20:00,10.320,10.320,10.300,10.300,57500
853,2021-03-22 11:25:00,10.300,10.320,10.300,10.310,49800
854,2021-03-22 11:30:00,10.320,10.330,10.310,10.330,30200
855,2021-03-22 13:05:00,10.340,10.340,10.320,10.320,59300
856,2021-03-22 13:10:00,10.330,10.330,10.320,10.320,32200
857,2021-03-22 13:15:00,10.320,10.320,10.300,10.300,43100
858,2021-03-22 13:20:00,10.300,10.320,10.300,10.300,69000
859,2021-03-22 13:25:00,10.310,10.310,10.300,10.310,46200
860,2021-03-22 13:30:00,10.320,10.320,10.300,10.300,28800
861,2021-03-22 13:35:00,10.300,10.310,10.260,10.260,167700
862,2021-03-22 13:40:00,10.260,10.270,10.250,10.250,107600
863,2021-03-22 13:45:00,10.260,10.270,10.240,10.240,133750
864,2021-03-22 13:50:00,10.240,10.270,10.240,10.270,84700
865,2021-03-22 13:55:00,10.270,10.300,10.250,10.300,229711
866,2021-03-22 14:00:00,10.300,10.310,10.280,10.280,59400
867,2021-03-22 14:05:00,10.280,10.290,10.260,10.260,50300
868,2021-03-22 14:10:00,10.260,10.280,10.230,10.230,123250
869,2021-03-22 14:15:00,10.230,10.260,10.230,10.260,42500
870,2021-03-22 14:20:00,10.250,10.280,10.250,10.270,78450
871,2021-03-22 14:25:00,10.270,10.270,10.260,10.270,69900
872,2021-03-22 14:30:00,10.270,10.280,10.260,10.280,56400
873,2021-03-22 14:35:00,10.270,10.280,10.270,10.280,35100
874,2021-03-22 14:40:00,10.270,10.280,10.270,10.270,94900
875,2021-03-22 14:45:00,10.270,10.280,10.260,10.260,99649
876,2021-03-22 14:50:00,10.260,10.270,10.260,10.270,135200
877,2021-03-22 14:55:00,10.260,10.270,10.250,10.260,295200
878,2021-03-22 15:00:00,10.260,10.280,10.260,10.280,217018
879,2021-03-23 09:35:00,10.400,10.400,10.300,10.320,375700
880,2021-03-23 09:40:00,10.320,10.330,10.250,10.270,209519
881,2021-03-23 09:45:00,10.290,10.350,10.260,10.320,159300
882,2021-03-23 09:50:00,10.310,10.330,10.210,10.240,266200
883,2021-03-23 09:55:00,10.240,10.370,10.190,10.370,360900
884,2021-03-23 10:00:00,10.340,10.470,10.330,10.430,910500
885,2021-03-23 10:05:00,10.410,10.440,10.390,10.420,353608
886,2021-03-23 10:10:00,10.420,10.540,10.420,10.500,1208708
887,2021-03-23 10:15:00,10.500,10.510,10.450,10.460,337582
888,2021-03-23 10:20:00,10.460,10.480,10.450,10.470,275100
889,2021-03-23 10:25:00,10.460,10.470,10.370,10.420,213500
890,2021-03-23 10:30:00,10.410,10.420,10.370,10.390,179500
891,2021-03-23 10:35:00,10.390,10.460,10.380,10.430,133300
892,2021-03-23 10:40:00,10.440,10.460,10.410,10.430,143300
893,2021-03-23 10:45:00,10.440,10.450,10.430,10.440,83130
894,2021-03-23 10:50:00,10.450,10.450,10.430,10.440,106170
895,2021-03-23 10:55:00,10.440,10.440,10.400,10.400,117700
896,2021-03-23 11:00:00,10.410,10.490,10.390,10.480,157630
897,2021-03-23 11:05:00,10.480,10.480,10.450,10.470,128700
898,2021-03-23 11:10:00,10.470,10.780,10.460,10.780,1299972
899,2021-03-23 11:15:00,10.770,10.990,10.600,10.850,2016828
900,2021-03-23 11:20:00,10.840,10.910,10.810,10.850,996725
901,2021-03-23 11:25:00,10.850,10.850,10.770,10.770,527400
902,2021-03-23 11:30:00,10.770,10.910,10.770,10.810,767207
903,2021-03-23 13:05:00,10.820,10.970,10.790,10.850,1098480
904,2021-03-23 13:10:00,10.870,10.880,10.830,10.860,272125
905,2021-03-23 13:15:00,10.860,10.900,10.750,10.760,450868
906,2021-03-23 13:20:00,10.750,10.770,10.710,10.760,334467
907,2021-03-23 13:25:00,10.760,10.760,10.720,10.740,187425
908,2021-03-23 13:30:00,10.740,10.750,10.720,10.720,150700
909,2021-03-23 13:35:00,10.720,10.730,10.670,10.670,209600
910,2021-03-23 13:40:00,10.670,10.750,10.660,10.730,238200
911,2021-03-23 13:45:00,10.730,10.770,10.720,10.770,101700
912,2021-03-23 13:50:00,10.770,10.780,10.750,10.770,198100
913,2021-03-23 13:55:00,10.760,10.770,10.750,10.760,125700
914,2021-03-23 14:00:00,10.760,10.780,10.750,10.770,130800
915,2021-03-23 14:05:00,10.770,10.770,10.750,10.760,118000
916,2021-03-23 14:10:00,10.770,10.780,10.760,10.770,125300
917,2021-03-23 14:15:00,10.760,10.770,10.680,10.680,290700
918,2021-03-23 14:20:00,10.690,10.730,10.670,10.690,195500
919,2021-03-23 14:25:00,10.700,10.770,10.690,10.770,391700
920,2021-03-23 14:30:00,10.770,10.820,10.770,10.800,355955
921,2021-03-23 14:35:00,10.800,10.800,10.780,10.790,187745
922,2021-03-23 14:40:00,10.780,10.780,10.730,10.730,137900
923,2021-03-23 14:45:00,10.730,10.780,10.730,10.760,213000
924,2021-03-23 14:50:00,10.760,10.790,10.760,10.790,264700
925,2021-03-23 14:55:00,10.780,10.800,10.770,10.800,670900
926,2021-03-23 15:00:00,10.790,10.800,10.770,10.780,540000
927,2021-03-24 09:35:00,10.570,10.770,10.530,10.700,1227000
928,2021-03-24 09:40:00,10.700,10.900,10.690,10.770,920408
929,2021-03-24 09:45:00,10.770,10.780,10.610,10.620,626800
930,2021-03-24 09:50:00,10.620,10.760,10.600,10.720,488203
931,2021-03-24 09:55:00,10.710,10.720,10.650,10.670,430219
932,2021-03-24 10:00:00,10.670,10.670,10.600,10.600,510581
933,2021-03-24 10:05:00,10.600,10.700,10.590,10.690,348762
934,2021-03-24 10:10:00,10.690,10.760,10.680,10.760,220900
935,2021-03-24 10:15:00,10.760,10.950,10.760,10.920,854716
936,2021-03-24 10:20:00,10.940,10.940,10.830,10.900,525900
937,2021-03-24 10:25:00,10.900,10.900,10.800,10.840,369100
938,2021-03-24 10:30:00,10.850,10.900,10.840,10.890,363800
939,2021-03-24 10:35:00,10.900,10.900,10.850,10.870,264088
940,2021-03-24 10:40:00,10.860,10.870,10.810,10.810,125012
941,2021-03-24 10:45:00,10.810,10.860,10.800,10.850,161200
942,2021-03-24 10:50:00,10.850,10.850,10.710,10.720,353384
943,2021-03-24 10:55:00,10.720,10.770,10.710,10.770,149600
944,2021-03-24 11:00:00,10.770,10.790,10.750,10.780,96560
945,2021-03-24 11:05:00,10.780,10.790,10.720,10.720,83500
946,2021-03-24 11:10:00,10.720,10.730,10.670,10.690,264997
947,2021-03-24 11:15:00,10.700,10.780,10.690,10.780,126888
948,2021-03-24 11:20:00,10.780,10.780,10.730,10.730,66400
949,2021-03-24 11:25:00,10.740,10.740,10.690,10.710,89212
950,2021-03-24 11:30:00,10.710,10.730,10.700,10.730,90800
951,2021-03-24 13:05:00,10.710,10.780,10.710,10.770,59388
952,2021-03-24 13:10:00,10.740,10.740,10.710,10.710,74400
953,2021-03-24 13:15:00,10.710,10.720,10.690,10.710,92312
954,2021-03-24 13:20:00,10.710,10.730,10.700,10.700,39988
955,2021-03-24 13:25:00,10.700,10.710,10.650,10.660,177300
956,2021-03-24 13:30:00,10.650,10.660,10.610,10.640,312700
957,2021-03-24 13:35:00,10.640,10.730,10.630,10.730,270190
958,2021-03-24 13:40:00,10.730,10.760,10.730,10.760,55300
959,2021-03-24 13:45:00,10.750,10.760,10.680,10.690,75400
960,2021-03-24 13:50:00,10.720,10.720,10.650,10.650,78800
961,2021-03-24 13:55:00,10.690,10.700,10.650,10.700,102600
962,2021-03-24 14:00:00,10.700,10.700,10.680,10.680,66600
963,2021-03-24 14:05:00,10.680,10.680,10.660,10.670,74700
964,2021-03-24 14:10:00,10.660,10.670,10.620,10.650,188300
965,2021-03-24 14:15:00,10.650,10.680,10.620,10.680,92139
966,2021-03-24 14:20:00,10.670,10.680,10.660,10.680,79033
967,2021-03-24 14:25:00,10.670,10.680,10.650,10.660,85200
968,2021-03-24 14:30:00,10.660,10.690,10.660,10.680,67900
969,2021-03-24 14:35:00,10.690,10.720,10.680,10.700,117500
970,2021-03-24 14:40:00,10.700,10.700,10.650,10.650,148300
971,2021-03-24 14:45:00,10.660,10.660,10.610,10.620,294728
972,2021-03-24 14:50:00,10.620,10.650,10.610,10.630,243300
973,2021-03-24 14:55:00,10.620,10.710,10.620,10.700,288572
974,2021-03-24 15:00:00,10.700,10.750,10.700,10.720,300928
975,2021-03-25 09:35:00,10.680,10.680,10.540,10.610,814319
976,2021-03-25 09:40:00,10.610,10.670,10.590,10.630,438800
977,2021-03-25 09:45:00,10.630,10.770,10.610,10.730,534000
978,2021-03-25 09:50:00,10.730,10.930,10.720,10.920,590732
979,2021-03-25 09:55:00,10.930,11.070,10.850,10.990,1920450
980,2021-03-25 10:00:00,10.980,11.000,10.930,11.000,935400
981,2021-03-25 10:05:00,11.000,11.080,11.000,11.030,1083202
982,2021-03-25 10:10:00,11.040,11.050,10.990,11.000,505698
983,2021-03-25 10:15:00,11.000,11.170,11.000,11.090,1165192
984,2021-03-25 10:20:00,11.100,11.190,11.090,11.120,689100
985,2021-03-25 10:25:00,11.120,11.250,11.110,11.250,889687
986,2021-03-25 10:30:00,11.240,11.250,11.120,11.150,431800
987,2021-03-25 10:35:00,11.150,11.170,11.120,11.140,304851
988,2021-03-25 10:40:00,11.140,11.150,11.030,11.040,475700
989,2021-03-25 10:45:00,11.040,11.140,11.030,11.090,177856
990,2021-03-25 10:50:00,11.090,11.180,11.060,11.160,235920
991,2021-03-25 10:55:00,11.160,11.180,11.120,11.170,233800
992,2021-03-25 11:00:00,11.170,11.300,11.110,11.270,1198872
993,2021-03-25 11:05:00,11.250,11.270,11.180,11.180,243400
994,2021-03-25 11:10:00,11.180,11.230,11.150,11.200,206120
995,2021-03-25 11:15:00,11.200,11.210,11.100,11.110,293380
996,2021-03-25 11:20:00,11.100,11.110,11.080,11.110,249700
997,2021-03-25 11:25:00,11.110,11.150,11.090,11.150,98700
998,2021-03-25 11:30:00,11.160,11.170,11.130,11.130,142200
999,2021-03-25 13:05:00,11.140,11.260,11.130,11.250,349820
1000,2021-03-25 13:10:00,11.250,11.270,11.210,11.250,272000
1001,2021-03-25 13:15:00,11.260,11.260,11.170,11.210,160700
1002,2021-03-25 13:20:00,11.220,11.250,11.210,11.240,197200
1003,2021-03-25 13:25:00,11.240,11.240,11.170,11.190,128800
1004,2021-03-25 13:30:00,11.190,11.220,11.170,11.180,170300
1005,2021-03-25 13:35:00,11.170,11.250,11.170,11.200,201700
1006,2021-03-25 13:40:00,11.210,11.210,11.140,11.140,137300
1007,2021-03-25 13:45:00,11.140,11.150,11.130,11.150,130900
1008,2021-03-25 13:50:00,11.140,11.160,11.130,11.150,230000
1009,2021-03-25 13:55:00,11.150,11.160,11.140,11.140,106600
1010,2021-03-25 14:00:00,11.140,11.150,11.080,11.090,200400
1011,2021-03-25 14:05:00,11.090,11.090,11.050,11.080,257200
1012,2021-03-25 14:10:00,11.080,11.100,11.080,11.090,105300
1013,2021-03-25 14:15:00,11.090,11.110,11.080,11.090,109900
1014,2021-03-25 14:20:00,11.090,11.100,11.080,11.080,99712
1015,2021-03-25 14:25:00,11.090,11.090,11.050,11.050,168988
1016,2021-03-25 14:30:00,11.050,11.060,11.010,11.040,271400
1017,2021-03-25 14:35:00,11.040,11.100,11.020,11.090,168912
1018,2021-03-25 14:40:00,11.090,11.220,11.080,11.180,469600
1019,2021-03-25 14:45:00,11.180,11.190,11.130,11.150,256000
1020,2021-03-25 14:50:00,11.140,11.150,11.110,11.130,289500
1021,2021-03-25 14:55:00,11.130,11.130,11.110,11.110,423100
1022,2021-03-25 15:00:00,11.120,11.120,11.100,11.110,525778
1023,2021-03-26 09:35:00,10.980,10.990,10.820,10.820,1838700
1024,2021-03-26 09:40:00,10.820,10.860,10.800,10.840,913400
1025,2021-03-26 09:45:00,10.850,10.890,10.840,10.880,337900
1026,2021-03-26 09:50:00,10.880,10.950,10.860,10.860,416200
1027,2021-03-26 09:55:00,10.870,11.050,10.860,11.040,359343
1028,2021-03-26 10:00:00,11.040,11.050,10.930,10.930,268200
1029,2021-03-26 10:05:00,10.930,10.950,10.900,10.930,204800
1030,2021-03-26 10:10:00,10.930,10.930,10.840,10.880,357000
1031,2021-03-26 10:15:00,10.890,10.930,10.880,10.920,152130
1032,2021-03-26 10:20:00,10.930,10.950,10.900,10.900,116100
1033,2021-03-26 10:25:00,10.900,11.010,10.880,11.000,279519
1034,2021-03-26 10:30:00,10.990,11.000,10.920,10.950,118300
1035,2021-03-26 10:35:00,10.940,10.960,10.930,10.960,84488
1036,2021-03-26 10:40:00,10.950,10.950,10.910,10.910,110712
1037,2021-03-26 10:45:00,10.910,10.940,10.910,10.930,139800
1038,2021-03-26 10:50:00,10.920,10.970,10.920,10.920,138188
1039,2021-03-26 10:55:00,10.930,10.940,10.910,10.910,74300
1040,2021-03-26 11:00:00,10.920,10.960,10.910,10.950,53500
1041,2021-03-26 11:05:00,10.950,10.950,10.920,10.950,80100
1042,2021-03-26 11:10:00,10.950,10.960,10.900,10.920,164500
1043,2021-03-26 11:15:00,10.920,10.930,10.910,10.910,241889
1044,2021-03-26 11:20:00,10.920,10.930,10.910,10.930,127800
1045,2021-03-26 11:25:00,10.930,10.930,10.910,10.910,130300
1046,2021-03-26 11:30:00,10.910,10.920,10.900,10.920,133251
1047,2021-03-26 13:05:00,10.910,10.950,10.910,10.930,118100
1048,2021-03-26 13:10:00,10.930,10.950,10.930,10.940,54400
1049,2021-03-26 13:15:00,10.940,10.940,10.920,10.930,122380
1050,2021-03-26 13:20:00,10.930,11.110,10.930,11.070,625420
1051,2021-03-26 13:25:00,11.070,11.080,10.980,11.000,220400
1052,2021-03-26 13:30:00,11.000,11.050,10.990,11.010,130900
1053,2021-03-26 13:35:00,11.000,11.070,11.000,11.070,152600
1054,2021-03-26 13:40:00,11.070,11.080,11.030,11.070,206200
1055,2021-03-26 13:45:00,11.070,11.070,11.020,11.020,131800
1056,2021-03-26 13:50:00,11.020,11.060,11.010,11.050,113100
1057,2021-03-26 13:55:00,11.060,11.090,11.050,11.090,203400
1058,2021-03-26 14:00:00,11.090,11.090,11.030,11.050,164600
1059,2021-03-26 14:05:00,11.040,11.060,11.030,11.040,132800
1060,2021-03-26 14:10:00,11.050,11.050,11.030,11.040,91500
1061,2021-03-26 14:15:00,11.030,11.040,11.020,11.040,138630
1062,2021-03-26 14:20:00,11.030,11.040,11.020,11.030,70600
1063,2021-03-26 14:25:00,11.030,11.030,11.000,11.000,160400
1064,2021-03-26 14:30:00,11.000,11.010,10.960,10.970,221170
1065,2021-03-26 14:35:00,10.970,11.000,10.960,10.980,229582
1066,2021-03-26 14:40:00,10.970,11.000,10.970,10.980,151300
1067,2021-03-26 14:45:00,10.990,11.000,10.980,10.990,200100
1068,2021-03-26 14:50:00,10.980,10.990,10.960,10.970,383000
1069,2021-03-26 14:55:00,10.980,11.000,10.970,10.990,379700
1070,2021-03-26 15:00:00,10.980,11.000,10.980,10.990,441056
